"","LR Chisq","Df","Pr(>Chisq)"
"Method",0.507146009855447,2,0.776023089347544
"Time",7.36335238038006,1,0.00665665671437386
"Method:Time",6.07853508790647,2,0.0478699392829025
