"","LR Chisq","Df","Pr(>Chisq)"
"Method",0.855570200463021,1,0.354981315987445
"Time",10.8432048605919,1,0.000991589621903807
"Method:Time",7.86821766171957,1,0.00503112189689233
